Round,Date,HomeTeam,AwayTeam,FTHG,FTAG,EGHT,EGAT,BPHT,BPAT,GAHT,GAAT,SoGHT,SoGAT,FKHT,FKAT,CKHT,CKAT,OHT,OAT,THT,TAT,GSHT,GSAT,FHT,FAT,RCHT,RCAT,YCHT,YCAT,TPHT,TPAT,AHT,AAT,DAHT,DAAT,CCHT,CCAT
ROUND 34,18.05.2024,Bayer Leverkusen,Augsburg,2,1,2.86,0.77,62,38,19,8,11,6,6,11,5,4,5,0,10,10,1,6,6,7,0,0,0,1,728,382,150,66,84,32,0,0
ROUND 34,18.05.2024,Dortmund,Darmstadt,4,0,2.83,0.42,71,29,21,7,11,6,13,4,7,3,0,2,17,15,1,6,4,10,0,0,0,3,727,258,117,58,66,27,0,0
ROUND 34,18.05.2024,Eintracht Frankfurt,RB Leipzig,2,2,2.02,1.73,46,54,19,9,13,4,12,8,8,3,0,4,22,16,3,4,10,11,0,0,2,2,432,520,107,86,49,28,0,0
ROUND 34,18.05.2024,Heidenheim,FC Koln,4,1,0.92,2.56,50,50,13,19,6,10,19,11,5,12,2,0,27,22,8,3,9,20,0,0,1,3,370,419,87,76,49,65,0,0
ROUND 34,18.05.2024,Hoffenheim,Bayern Munich,4,2,2.21,1.59,48,52,17,12,8,8,11,8,6,5,1,3,14,11,2,5,7,9,0,0,3,1,469,509,115,82,53,35,0,0
ROUND 34,18.05.2024,Stuttgart,B. Monchengladbach,4,0,1.84,1.45,58,42,21,13,10,8,10,6,8,4,0,1,10,14,5,7,4,9,0,0,1,2,716,475,118,75,46,30,0,0
ROUND 34,18.05.2024,Union Berlin,Freiburg,2,1,2.68,1.04,43,57,14,11,9,6,8,14,3,7,0,0,25,15,4,3,14,9,0,0,7,4,303,517,71,104,48,43,0,0
ROUND 34,18.05.2024,Werder Bremen,Bochum,4,1,3.87,1.98,48,52,25,26,13,18,12,12,8,8,0,0,15,19,7,8,12,12,0,0,1,1,355,392,74,141,48,51,0,0
ROUND 34,18.05.2024,Wolfsburg,Mainz,1,3,1.13,1.65,60,40,12,12,8,6,15,14,1,3,1,3,16,25,3,3,13,15,0,0,2,3,461,257,102,108,38,34,0,0
ROUND 33,12.05.2024,Bochum,Bayer Leverkusen,0,5,0.16,4.29,34,66,2,28,2,18,12,8,2,6,3,2,12,17,5,0,5,10,1,0,2,1,280,615,76,114,27,73,0,0
ROUND 33,12.05.2024,Bayern Munich,Wolfsburg,2,0,0.35,0.22,58,42,5,5,2,3,8,10,4,0,3,0,12,11,2,1,7,8,0,0,0,2,744,517,128,81,54,34,0,0
ROUND 33,12.05.2024,Darmstadt,Hoffenheim,0,6,0.67,3.22,44,56,9,12,8,5,6,9,2,3,3,3,19,12,1,1,9,3,0,0,3,0,451,661,97,118,24,23,0,0
ROUND 33,11.05.2024,Mainz,Dortmund,3,0,2.47,0.67,35,65,14,10,8,8,13,8,4,2,2,2,13,13,2,3,14,11,0,0,2,2,261,628,89,102,31,59,0,0
ROUND 33,11.05.2024,B. Monchengladbach,Eintracht Frankfurt,1,1,0.44,1.50,45,55,6,16,3,15,12,9,2,8,0,3,17,28,0,2,9,10,0,0,1,0,438,553,85,125,34,62,0,0
ROUND 33,11.05.2024,FC Koln,Union Berlin,3,2,2.89,1.62,63,37,18,14,13,8,16,14,6,8,0,1,23,16,4,2,15,16,0,0,3,2,437,243,110,85,49,33,0,0
ROUND 33,11.05.2024,Freiburg,Heidenheim,1,1,1.94,1.17,52,48,19,9,16,6,11,9,2,4,2,1,13,13,2,2,9,11,0,0,1,1,498,400,108,91,55,28,0,0
ROUND 33,11.05.2024,RB Leipzig,Werder Bremen,1,1,1.93,1.05,47,53,13,10,8,9,10,13,4,3,2,2,19,10,1,4,12,6,0,0,1,0,465,597,112,79,41,33,0,0
ROUND 33,10.05.2024,Augsburg,Stuttgart,0,1,0.71,2.37,27,73,9,19,8,12,12,19,5,5,4,0,13,15,6,1,15,9,0,0,4,2,208,753,80,131,46,60,0,0
ROUND 32,05.05.2024,Heidenheim,Mainz,1,1,1.29,0.93,48,52,16,10,10,6,9,9,6,3,2,2,19,22,3,5,8,8,0,0,2,3,419,511,103,126,54,65,0,0
ROUND 32,05.05.2024,Eintracht Frankfurt,Bayer Leverkusen,1,5,1.22,2.83,53,47,16,10,11,4,6,7,10,5,1,1,10,16,1,4,10,4,0,0,0,0,528,416,100,63,58,32,0,0
ROUND 32,05.05.2024,Union Berlin,Bochum,3,4,1.49,1.59,50,50,12,17,6,12,15,14,6,4,1,0,30,35,1,3,13,16,0,0,0,1,281,298,112,113,42,42,0,0
ROUND 32,04.05.2024,FC Koln,Freiburg,0,0,1.11,0.43,55,45,20,4,13,4,9,11,7,1,0,0,33,16,0,7,10,9,0,0,1,1,459,371,133,90,61,33,0,0
ROUND 32,04.05.2024,Dortmund,Augsburg,5,1,4.27,2.25,58,42,21,20,11,16,11,5,6,9,1,0,8,10,3,5,4,11,0,0,0,1,579,367,81,83,38,60,0,0
ROUND 32,04.05.2024,Stuttgart,Bayern Munich,3,1,1.97,1.56,56,44,24,10,13,7,7,12,3,1,3,0,20,13,2,8,10,8,0,0,1,2,659,424,153,42,54,15,0,0
ROUND 32,04.05.2024,Werder Bremen,B. Monchengladbach,2,2,1.85,1.95,55,45,17,17,11,10,8,7,7,2,2,1,13,10,5,4,6,7,0,0,0,0,627,476,130,96,53,37,0,0
ROUND 32,04.05.2024,Wolfsburg,Darmstadt,3,0,1.94,0.39,53,47,18,6,12,5,13,8,9,2,0,4,24,14,1,3,11,13,0,0,0,3,527,462,83,69,58,40,0,0
ROUND 32,03.05.2024,Hoffenheim,RB Leipzig,1,1,1.66,0.86,55,45,18,8,10,3,12,6,4,4,0,4,17,17,4,7,6,8,0,1,1,3,578,473,136,87,74,29,0,0
ROUND 31,28.04.2024,Darmstadt,Heidenheim,0,1,0.77,2.13,47,53,12,19,8,13,14,16,3,8,1,2,17,32,5,4,14,12,0,0,2,1,365,432,127,98,29,44,0,0
ROUND 31,28.04.2024,Mainz,FC Koln,1,1,2.25,3.03,46,54,16,16,12,10,14,16,6,6,1,1,24,26,5,3,17,13,1,0,4,4,244,381,103,99,54,55,0,0
ROUND 31,28.04.2024,B. Monchengladbach,Union Berlin,0,0,0.97,0.93,52,48,13,14,9,7,12,3,3,4,0,0,28,25,7,4,3,13,0,0,2,2,512,495,91,146,49,52,0,0
ROUND 31,27.04.2024,Bayer Leverkusen,Stuttgart,2,2,1.32,1.76,45,55,14,11,8,7,21,9,5,2,1,2,17,17,2,4,10,19,0,0,4,3,488,510,102,106,68,26,0,0
ROUND 31,27.04.2024,Augsburg,Werder Bremen,0,3,1.12,2.28,56,44,14,16,13,8,10,20,6,4,3,2,19,20,5,1,18,8,0,0,1,2,380,318,119,76,56,45,0,0
ROUND 31,27.04.2024,Bayern Munich,Eintracht Frankfurt,2,1,3.82,0.46,61,39,19,10,10,7,9,12,4,2,1,2,5,2,2,7,11,7,0,0,0,3,673,417,139,98,63,38,0,0
ROUND 31,27.04.2024,Freiburg,Wolfsburg,1,2,1.76,0.61,50,50,16,13,13,8,9,16,3,6,3,3,17,15,3,2,12,7,1,0,4,2,398,383,101,76,51,38,0,0
ROUND 31,27.04.2024,RB Leipzig,Dortmund,4,1,3.19,1.66,39,61,21,12,14,7,9,12,5,8,0,1,14,14,4,3,11,7,0,0,1,2,336,549,84,98,39,52,0,0
ROUND 31,26.04.2024,Bochum,Hoffenheim,3,2,3.92,2.18,47,53,35,12,22,8,14,13,10,4,2,4,21,15,2,10,13,10,0,0,1,1,333,452,113,87,67,35,0,0
ROUND 30,21.04.2024,Freiburg,Mainz,1,1,1.35,1.55,41,59,7,17,4,13,16,18,2,4,1,1,15,21,3,2,17,15,0,0,3,4,333,544,80,125,25,73,0,0
ROUND 30,21.04.2024,Dortmund,Bayer Leverkusen,1,1,0.92,1.01,51,49,9,13,7,8,14,14,2,6,0,4,13,13,4,1,14,11,0,0,4,3,496,526,84,107,40,82,0,0
ROUND 30,21.04.2024,Werder Bremen,Stuttgart,2,1,1.54,2.13,38,62,9,14,7,9,12,11,1,7,0,3,11,19,4,0,11,10,0,0,3,3,304,734,83,141,28,68,0,0
ROUND 30,20.04.2024,Union Berlin,Bayern Munich,1,5,0.83,1.32,40,60,15,18,11,9,6,8,5,3,3,2,19,7,4,3,5,4,0,0,0,0,396,723,56,130,36,79,0,0
ROUND 30,20.04.2024,FC Koln,Darmstadt,0,2,1.05,2.29,60,40,18,12,14,6,12,17,4,3,6,0,23,12,4,4,10,13,0,0,0,1,466,320,133,109,42,33,0,0
ROUND 30,20.04.2024,Heidenheim,RB Leipzig,1,2,1.81,1.75,43,57,9,11,4,7,11,15,2,6,1,4,20,19,2,4,14,7,0,0,3,1,360,596,84,123,27,37,0,0
ROUND 30,20.04.2024,Hoffenheim,B. Monchengladbach,4,3,2.22,1.61,60,40,27,13,18,6,8,4,6,5,1,1,11,12,4,5,6,11,0,0,1,3,626,423,150,57,72,38,0,0
ROUND 30,20.04.2024,Wolfsburg,Bochum,1,0,1.16,1.09,48,52,10,9,5,8,22,15,5,8,3,6,26,22,1,4,11,16,0,0,4,3,329,415,91,122,41,53,0,0
ROUND 30,19.04.2024,Eintracht Frankfurt,Augsburg,3,1,2.58,0.38,59,41,12,6,5,5,18,3,6,5,1,3,23,8,0,4,2,19,0,0,3,3,589,347,112,93,46,43,0,0
ROUND 29,14.04.2024,Bayer Leverkusen,Werder Bremen,5,0,3.29,0.70,54,46,19,7,9,4,4,14,7,0,5,1,8,10,3,5,10,4,0,0,2,1,612,495,114,83,59,31,0,0
ROUND 29,14.04.2024,Darmstadt,Freiburg,0,1,1.25,0.68,53,47,16,9,12,6,13,7,2,2,0,0,22,15,2,4,6,12,0,0,0,1,507,432,124,89,61,35,0,0
ROUND 29,13.04.2024,Stuttgart,Eintracht Frankfurt,3,0,1.15,0.85,55,45,9,10,3,7,15,5,4,5,1,0,14,28,3,3,4,15,0,0,1,3,599,485,75,127,31,38,0,0
ROUND 29,13.04.2024,B. Monchengladbach,Dortmund,1,2,1.67,1.43,45,55,16,12,11,8,14,15,2,4,2,1,14,9,2,4,13,11,0,1,1,4,428,528,89,105,43,31,0,0
ROUND 29,13.04.2024,Bayern Munich,FC Koln,2,0,2.08,0.84,64,36,17,11,10,6,17,6,5,5,3,2,19,17,5,5,3,15,0,0,0,3,668,307,136,69,82,39,0,0
ROUND 29,13.04.2024,Bochum,Heidenheim,1,1,1.58,1.02,62,38,24,10,19,7,22,11,6,2,1,0,23,18,3,4,12,22,0,0,4,1,430,241,114,48,63,40,0,0
ROUND 29,13.04.2024,Mainz,Hoffenheim,4,1,3.01,0.56,50,50,23,5,15,4,14,15,9,3,2,1,15,15,0,4,12,14,0,0,0,2,312,394,82,68,46,27,0,0
ROUND 29,13.04.2024,RB Leipzig,Wolfsburg,3,0,1.55,0.54,50,50,15,10,9,7,8,12,6,4,0,1,18,22,3,3,12,7,0,0,2,4,500,487,116,100,36,37,0,0
ROUND 29,12.04.2024,Augsburg,Union Berlin,2,0,1.64,1.67,49,51,12,17,8,13,14,17,5,4,2,0,21,27,4,2,15,14,0,0,1,1,394,459,86,119,48,76,0,0
ROUND 28,07.04.2024,Wolfsburg,B. Monchengladbach,1,3,0.93,0.97,59,41,13,10,9,4,13,10,4,4,0,2,14,17,3,3,9,12,0,0,2,2,676,427,117,75,52,37,0,0
ROUND 28,07.04.2024,Hoffenheim,Augsburg,3,1,2.16,1.49,53,47,17,14,11,7,16,9,11,6,1,3,11,23,6,3,8,14,0,0,3,1,481,393,100,124,37,49,0,0
ROUND 28,06.04.2024,Dortmund,Stuttgart,0,1,2.29,1.59,53,47,14,10,7,8,10,8,8,3,2,2,19,18,1,7,8,8,0,0,2,4,510,488,108,87,62,40,0,0
ROUND 28,06.04.2024,FC Koln,Bochum,2,1,0.99,0.73,56,44,17,8,11,6,18,14,9,4,0,4,34,23,1,4,16,13,0,0,3,3,322,267,82,81,49,43,0,0
ROUND 28,06.04.2024,Freiburg,RB Leipzig,1,4,1.69,2.68,46,54,15,15,11,9,12,7,8,4,0,1,18,14,2,3,7,12,0,0,3,4,410,496,93,65,50,35,0,0
ROUND 28,06.04.2024,Heidenheim,Bayern Munich,3,2,1.59,2.03,38,62,9,15,5,7,10,9,3,3,0,2,20,26,6,1,9,8,0,0,2,0,316,656,80,130,30,71,0,0
ROUND 28,06.04.2024,Mainz,Darmstadt,4,0,3.64,1.03,57,43,18,14,9,12,11,18,5,1,2,2,16,25,2,5,17,10,0,0,2,3,485,314,94,100,39,28,0,0
ROUND 28,06.04.2024,Union Berlin,Bayer Leverkusen,0,1,0.49,2.99,38,62,8,19,7,11,15,11,7,10,1,1,18,15,7,1,10,14,1,0,3,2,338,659,84,144,39,87,0,0
ROUND 28,05.04.2024,Eintracht Frankfurt,Werder Bremen,1,1,1.86,1.21,61,39,19,10,14,3,17,11,9,0,2,3,25,19,6,4,10,14,1,1,3,2,547,276,130,95,75,19,0,0
ROUND 27,31.03.2024,Bochum,Darmstadt,2,2,2.10,1.40,56,44,20,13,13,10,17,7,6,5,0,3,22,13,1,5,7,15,0,0,2,2,418,311,118,99,56,29,0,0
ROUND 27,31.03.2024,Stuttgart,Heidenheim,3,3,3.25,1.17,69,31,20,6,14,3,8,6,6,7,1,0,13,19,0,3,5,9,0,1,1,0,759,255,155,66,53,36,0,0
ROUND 27,31.03.2024,Augsburg,FC Koln,1,1,2.29,1.02,53,47,24,12,18,10,11,10,12,6,1,1,28,9,1,5,9,13,0,0,0,3,370,297,130,56,82,21,0,0
ROUND 27,30.03.2024,Bayern Munich,Dortmund,0,2,2.26,1.13,59,41,16,11,13,6,9,9,7,4,2,2,17,13,3,3,7,7,0,0,0,0,639,411,138,70,84,41,0,0
ROUND 27,30.03.2024,B. Monchengladbach,Freiburg,0,3,2.36,2.12,52,48,18,13,14,5,6,12,14,1,1,0,24,16,5,4,11,7,0,0,1,0,524,453,95,91,63,24,0,0
ROUND 27,30.03.2024,Bayer Leverkusen,Hoffenheim,2,1,4.08,0.63,63,37,36,6,24,4,8,9,9,2,0,0,20,17,1,10,9,8,0,0,0,1,713,333,162,64,129,25,0,0
ROUND 27,30.03.2024,Eintracht Frankfurt,Union Berlin,0,0,1.63,1.61,62,38,18,10,14,8,17,10,6,2,2,4,30,9,2,4,8,14,0,0,3,1,595,322,155,87,84,34,0,0
ROUND 27,30.03.2024,RB Leipzig,Mainz,0,0,2.94,0.76,63,37,23,8,13,6,14,14,12,2,4,0,18,15,2,10,10,15,0,0,2,5,614,302,140,70,72,15,0,0
ROUND 27,30.03.2024,Werder Bremen,Wolfsburg,0,2,0.55,2.17,50,50,6,15,5,10,16,14,3,6,1,1,19,23,3,1,13,15,1,1,4,4,430,436,90,93,35,44,0,0
ROUND 26,17.03.2024,Dortmund,Eintracht Frankfurt,3,1,2.43,0.79,64,36,16,8,10,2,11,4,8,3,0,3,24,14,5,3,5,9,0,0,1,2,684,339,133,75,71,38,0,0
ROUND 26,17.03.2024,Freiburg,Bayer Leverkusen,2,3,0.81,2.90,35,65,9,18,6,11,6,13,2,8,1,0,14,8,4,1,13,6,0,0,1,0,342,746,89,123,30,64,0,0
ROUND 26,16.03.2024,Hoffenheim,Stuttgart,0,3,0.26,3.43,46,54,8,25,7,13,13,9,5,6,1,1,21,20,9,1,8,12,0,0,1,0,393,514,89,104,38,58,0,0
ROUND 26,16.03.2024,Darmstadt,Bayern Munich,2,5,1.31,4.42,28,72,7,26,4,20,7,10,2,9,1,1,10,25,1,1,9,6,0,0,1,0,230,697,44,161,20,80,0,0
ROUND 26,16.03.2024,Heidenheim,B. Monchengladbach,1,1,2.21,0.56,53,47,16,6,11,4,8,18,10,4,2,0,23,28,1,4,16,8,0,0,1,3,448,420,119,84,52,41,0,0
ROUND 26,16.03.2024,Mainz,Bochum,2,0,2.60,0.72,51,49,13,11,9,7,17,16,7,6,1,2,24,27,4,2,15,15,0,0,4,3,328,335,119,133,47,43,0,0
ROUND 26,16.03.2024,Union Berlin,Werder Bremen,2,1,1.25,1.02,48,52,11,10,5,8,10,11,4,3,0,0,18,12,1,4,16,16,0,0,3,5,414,439,114,98,48,29,0,0
ROUND 26,16.03.2024,Wolfsburg,Augsburg,1,3,1.52,1.19,51,49,15,14,11,9,23,13,8,6,1,5,11,17,2,3,12,19,1,0,1,3,394,392,84,84,80,45,0,0
ROUND 26,15.03.2024,FC Koln,RB Leipzig,1,5,1.68,4.27,38,62,9,23,7,16,14,12,3,6,1,1,16,15,2,1,11,12,0,0,2,2,287,599,72,139,28,60,0,0
ROUND 25,10.03.2024,Bayer Leverkusen,Wolfsburg,2,0,2.26,0.12,70,30,19,2,12,1,7,6,9,2,0,0,18,12,1,5,6,7,0,1,1,3,889,275,171,39,130,15,0,0
ROUND 25,10.03.2024,Eintracht Frankfurt,Hoffenheim,3,1,3.58,0.67,62,38,17,6,10,4,12,15,5,1,2,3,19,16,1,4,11,10,0,2,2,3,631,346,124,89,68,28,0,0
ROUND 25,10.03.2024,Bochum,Freiburg,1,2,1.19,1.44,55,45,18,9,12,4,15,13,12,5,2,3,31,14,3,5,11,11,0,0,3,7,421,282,146,82,78,28,0,0
ROUND 25,09.03.2024,Werder Bremen,Dortmund,1,2,1.31,0.98,46,54,15,13,10,7,10,8,10,4,2,2,14,11,4,4,6,8,0,1,1,2,468,603,124,115,55,33,0,0
ROUND 25,09.03.2024,Augsburg,Heidenheim,1,0,0.74,0.36,59,41,8,6,4,5,21,15,5,2,1,1,27,17,1,3,14,20,0,0,1,3,412,278,151,81,84,25,0,0
ROUND 25,09.03.2024,B. Monchengladbach,FC Koln,3,3,2.00,1.09,58,42,16,12,11,7,13,19,8,3,3,1,15,21,2,2,15,15,0,0,3,4,507,350,104,84,47,42,0,0
ROUND 25,09.03.2024,Bayern Munich,Mainz,8,1,6.59,0.95,59,41,25,13,13,10,8,10,6,7,2,1,15,11,2,4,8,7,0,0,1,1,581,401,93,95,39,49,0,0
ROUND 25,09.03.2024,RB Leipzig,Darmstadt,2,0,3.57,0.67,61,39,28,9,20,5,14,3,8,4,0,1,19,16,4,6,3,14,0,0,0,3,621,311,144,60,66,25,0,0
ROUND 25,08.03.2024,Stuttgart,Union Berlin,2,0,1.03,1.04,66,34,14,10,9,6,16,9,4,3,2,3,15,13,4,3,7,14,0,1,1,2,838,351,160,72,44,35,0,0
ROUND 24,03.03.2024,Hoffenheim,Werder Bremen,2,1,2.09,1.74,48,52,14,18,7,10,14,13,3,3,2,3,9,11,7,5,11,10,1,0,5,1,414,463,111,106,39,41,0,0
ROUND 24,03.03.2024,FC Koln,Bayer Leverkusen,0,2,0.54,1.65,28,72,6,17,6,11,9,10,1,9,2,1,12,17,4,0,10,9,1,0,2,2,235,837,40,156,16,93,0,0
ROUND 24,02.03.2024,Wolfsburg,Stuttgart,2,3,1.13,0.98,42,58,12,7,10,4,14,17,5,4,0,2,18,11,0,0,20,12,0,0,3,2,385,566,116,93,42,38,0,0
ROUND 24,02.03.2024,Bochum,RB Leipzig,1,4,1.59,1.93,44,56,15,10,11,6,12,17,2,5,4,2,22,19,1,3,13,10,1,0,3,2,312,443,147,69,58,25,0,0
ROUND 24,02.03.2024,Darmstadt,Augsburg,0,6,1.22,3.31,43,57,10,21,5,15,12,5,3,6,1,0,27,13,0,5,4,12,0,0,2,0,403,501,86,95,32,30,0,0
ROUND 24,02.03.2024,Heidenheim,Eintracht Frankfurt,1,2,1.18,2.22,53,47,16,11,13,5,11,8,7,3,1,1,30,19,5,2,6,10,0,0,1,4,389,309,128,92,57,20,0,0
ROUND 24,02.03.2024,Mainz,B. Monchengladbach,1,1,1.45,1.26,43,57,21,14,16,9,20,12,12,6,0,5,17,16,4,4,12,15,1,0,5,1,316,442,125,91,40,27,0,0
ROUND 24,02.03.2024,Union Berlin,Dortmund,0,2,1.34,1.75,42,58,13,12,8,5,9,17,8,7,4,1,10,14,5,5,11,8,0,0,2,1,349,591,94,136,53,48,0,0
ROUND 24,01.03.2024,Freiburg,Bayern Munich,2,2,1.42,1.93,43,57,17,21,11,12,7,14,3,6,3,0,10,16,7,4,11,7,0,0,1,2,386,625,89,126,39,73,0,0
ROUND 23,25.02.2024,Augsburg,Freiburg,2,1,2.10,1.07,62,38,21,5,12,4,14,15,10,2,1,3,21,13,0,7,16,11,0,0,3,1,486,255,102,71,51,20,0,0
ROUND 23,25.02.2024,Dortmund,Hoffenheim,2,3,2.73,1.16,65,35,19,7,12,2,10,9,10,3,0,1,25,15,2,5,7,10,0,0,2,3,696,302,135,77,75,29,0,0
ROUND 23,25.02.2024,Eintracht Frankfurt,Wolfsburg,2,2,1.44,1.33,56,44,12,14,7,6,9,14,5,3,5,2,24,19,6,3,9,7,0,0,2,1,512,380,139,111,51,42,0,0
ROUND 23,24.02.2024,Bayern Munich,RB Leipzig,2,1,1.65,1.09,56,44,15,11,11,6,10,14,6,4,3,0,15,13,4,2,11,10,0,0,3,3,599,483,120,89,59,42,0,0
ROUND 23,24.02.2024,B. Monchengladbach,Bochum,5,2,3.27,1.51,50,50,22,15,16,10,11,15,5,6,3,1,14,29,3,1,13,13,0,0,2,4,385,395,64,127,37,57,0,0
ROUND 23,24.02.2024,Stuttgart,FC Koln,1,1,1.68,1.27,67,33,13,12,8,6,14,11,9,4,0,1,20,22,5,4,11,13,0,0,1,0,854,280,168,77,67,31,0,0
ROUND 23,24.02.2024,Union Berlin,Heidenheim,2,2,0.99,1.28,57,43,12,9,9,5,12,11,4,2,4,0,30,26,2,1,9,12,0,0,2,1,522,346,136,117,56,34,0,0
ROUND 23,24.02.2024,Werder Bremen,Darmstadt,1,1,1.92,1.03,54,46,13,11,9,8,15,15,4,6,5,2,16,27,2,4,10,13,0,0,3,4,523,415,101,89,57,39,0,0
ROUND 23,23.02.2024,Bayer Leverkusen,Mainz,2,1,1.21,1.36,60,40,18,13,11,9,18,16,11,2,2,2,21,12,3,5,14,16,0,1,3,5,664,336,129,78,73,26,0,0
ROUND 22,18.02.2024,Bochum,Bayern Munich,3,2,1.52,3.67,36,64,14,26,9,16,9,17,4,9,5,0,19,24,8,2,12,10,0,1,2,4,262,605,92,126,45,70,0,0
ROUND 22,18.02.2024,Freiburg,Eintracht Frankfurt,3,3,2.57,1.13,51,49,13,10,5,4,11,7,6,1,0,1,22,11,3,5,8,10,0,0,0,0,552,484,125,93,48,29,0,0
ROUND 22,17.02.2024,RB Leipzig,B. Monchengladbach,2,0,1.62,0.59,48,52,16,13,7,13,14,13,8,4,1,1,20,19,0,7,12,13,0,0,1,5,439,461,109,100,48,52,0,0
ROUND 22,17.02.2024,Darmstadt,Stuttgart,1,2,3.11,2.27,54,46,21,13,12,9,16,18,5,3,6,2,23,10,2,8,15,14,0,1,4,5,485,359,114,82,60,28,0,0
ROUND 22,17.02.2024,Heidenheim,Bayer Leverkusen,1,2,0.83,2.18,44,56,6,17,3,13,6,15,4,5,0,1,35,17,2,2,15,5,0,0,2,1,324,567,94,122,58,53,0,0
ROUND 22,17.02.2024,Hoffenheim,Union Berlin,0,1,1.08,1.42,62,38,16,10,12,7,10,15,6,2,2,3,18,23,2,4,10,7,1,1,3,4,627,298,139,69,65,25,0,0
ROUND 22,17.02.2024,Mainz,Augsburg,1,0,3.07,0.80,47,53,18,10,14,6,16,10,7,7,2,0,27,24,4,3,8,16,0,1,3,2,276,320,107,79,60,39,0,0
ROUND 22,17.02.2024,Wolfsburg,Dortmund,1,1,2.13,1.46,38,62,9,12,5,7,8,23,5,3,5,3,19,20,4,3,18,5,0,0,3,1,332,619,85,109,63,43,0,0
ROUND 22,16.02.2024,FC Koln,Werder Bremen,0,1,0.55,1.87,57,43,10,13,8,9,11,19,5,3,2,0,32,13,3,2,16,11,0,0,4,4,485,359,109,105,56,37,0,0
ROUND 21,11.02.2024,Hoffenheim,FC Koln,1,1,0.80,0.17,53,47,10,5,6,4,10,15,10,3,2,0,13,30,0,3,12,13,0,0,3,4,493,357,120,105,61,41,0,0
ROUND 21,11.02.2024,Stuttgart,Mainz,3,1,1.70,1.75,55,45,10,16,3,10,9,7,4,5,0,0,15,25,5,4,7,9,0,0,1,1,703,447,139,111,43,44,0,0
ROUND 21,10.02.2024,Bayer Leverkusen,Bayern Munich,3,0,1.76,0.27,38,62,14,8,6,7,14,16,4,6,3,1,20,22,1,5,13,13,0,0,3,2,409,649,87,133,30,52,0,0
ROUND 21,10.02.2024,Augsburg,RB Leipzig,2,2,0.91,1.76,48,52,11,9,7,3,14,16,1,3,3,3,24,18,4,2,15,10,0,0,5,1,309,461,113,97,57,44,0,0
ROUND 21,10.02.2024,B. Monchengladbach,Darmstadt,0,0,2.14,0.64,58,42,22,10,14,9,17,10,7,2,0,3,19,22,1,8,11,15,0,0,0,5,548,378,120,93,65,33,0,0
ROUND 21,10.02.2024,Eintracht Frankfurt,Bochum,1,1,2.09,0.98,52,48,8,14,6,9,12,7,8,3,0,3,22,22,4,1,6,12,0,0,2,2,431,369,96,132,40,46,0,0
ROUND 21,10.02.2024,Union Berlin,Wolfsburg,1,0,0.50,1.24,48,52,7,15,5,10,10,15,6,10,3,1,23,29,5,1,12,9,0,0,1,2,329,459,79,126,36,78,0,0
ROUND 21,10.02.2024,Werder Bremen,Heidenheim,1,2,2.01,2.36,63,37,14,10,11,7,15,14,5,10,5,2,22,19,1,2,10,13,0,0,1,2,602,295,132,98,53,31,0,0
ROUND 21,09.02.2024,Dortmund,Freiburg,3,0,2.39,0.25,65,35,17,6,9,3,8,16,5,3,3,3,18,8,3,5,13,7,0,0,2,0,655,311,95,100,56,36,0,0
ROUND 18,07.02.2024,Mainz,Union Berlin,1,1,1.78,0.94,46,54,16,15,9,11,15,16,8,3,2,2,29,25,3,6,14,15,0,0,2,4,252,333,118,91,35,37,0,0
ROUND 20,04.02.2024,RB Leipzig,Union Berlin,2,0,1.56,0.55,64,36,16,10,10,8,11,15,5,4,2,0,16,14,2,4,13,11,0,1,1,2,676,325,146,75,57,30,0,0
ROUND 20,04.02.2024,Wolfsburg,Hoffenheim,2,2,1.73,1.82,47,53,14,17,6,10,18,12,7,2,1,3,17,22,5,6,12,16,0,0,2,3,367,460,86,116,43,68,0,0
ROUND 20,03.02.2024,FC Koln,Eintracht Frankfurt,2,0,1.61,0.97,44,56,14,11,10,7,14,8,7,7,2,1,22,19,4,2,8,13,0,2,1,4,330,508,60,109,33,36,0,0
ROUND 20,03.02.2024,Bayern Munich,B. Monchengladbach,3,1,2.07,0.72,55,45,21,11,15,7,9,12,6,5,1,0,17,18,3,3,11,9,0,0,0,1,604,481,130,79,49,27,0,0
ROUND 20,03.02.2024,Bochum,Augsburg,1,1,0.99,1.69,50,50,9,12,5,6,16,20,3,5,3,3,26,29,5,3,17,14,0,0,3,1,338,336,128,122,41,75,0,0
ROUND 20,03.02.2024,Darmstadt,Bayer Leverkusen,0,2,0.33,1.88,36,64,8,18,2,11,10,16,4,3,2,2,12,16,5,6,14,8,0,0,2,2,351,764,92,143,28,50,0,0
ROUND 20,03.02.2024,Freiburg,Stuttgart,1,3,0.57,1.84,38,62,7,17,3,8,7,11,1,6,1,0,0,0,6,3,10,7,1,0,4,2,369,719,121,113,34,38,0,0
ROUND 20,03.02.2024,Mainz,Werder Bremen,0,1,1.24,0.72,54,46,20,6,15,5,17,24,11,1,2,1,23,12,0,5,22,16,0,0,4,3,436,296,150,73,63,29,0,0
ROUND 20,02.02.2024,Heidenheim,Dortmund,0,0,1.10,0.91,35,65,11,13,11,8,9,8,4,6,2,3,14,19,5,0,7,7,0,0,0,2,285,694,90,160,39,68,0,0
ROUND 19,28.01.2024,Dortmund,Bochum,3,1,2.50,0.50,63,37,15,10,9,6,21,11,8,4,1,5,19,25,3,3,10,16,0,0,1,3,521,285,104,109,77,38,0,0
ROUND 19,28.01.2024,Union Berlin,Darmstadt,1,0,3.33,1.42,51,49,19,15,13,14,8,17,4,3,3,0,19,27,1,5,13,9,0,0,3,2,446,451,113,116,59,29,0,0
ROUND 19,27.01.2024,Bayer Leverkusen,B. Monchengladbach,0,0,2.87,0.21,67,33,28,4,20,1,9,17,8,2,1,2,15,10,3,8,15,6,0,0,3,1,945,321,192,39,145,16,0,0
ROUND 19,27.01.2024,Augsburg,Bayern Munich,2,3,2.41,2.79,43,57,14,13,7,9,10,16,4,5,4,2,21,13,1,5,12,11,0,0,2,6,372,549,85,93,63,39,0,0
ROUND 19,27.01.2024,Hoffenheim,Heidenheim,1,1,2.80,1.15,61,39,20,15,12,12,14,13,9,5,2,1,21,18,2,7,11,13,0,0,4,0,618,273,160,106,77,32,0,0
ROUND 19,27.01.2024,Stuttgart,RB Leipzig,5,2,2.80,0.49,52,48,19,4,8,2,14,10,9,3,1,3,20,25,0,6,9,11,0,0,1,4,558,477,110,105,54,27,0,0
ROUND 19,27.01.2024,Werder Bremen,Freiburg,3,1,2.40,1.28,45,55,14,7,10,3,11,14,5,5,0,1,7,8,3,1,14,10,0,0,2,1,393,565,82,118,31,35,0,0
ROUND 19,27.01.2024,Wolfsburg,FC Koln,1,1,2.25,0.42,51,49,12,6,7,4,17,17,6,3,0,4,26,23,1,4,17,12,0,0,5,3,456,406,111,100,59,53,0,0
ROUND 19,26.01.2024,Eintracht Frankfurt,Mainz,1,0,1.81,0.69,54,46,13,7,9,7,14,4,2,1,0,4,25,32,0,3,10,12,0,0,2,1,593,439,141,118,41,40,0,0
ROUND 13,24.01.2024,Bayern Munich,Union Berlin,1,0,2.83,0.51,69,31,24,4,14,3,5,9,12,1,4,0,1,2,1,9,5,9,0,0,2,4,757,283,182,56,101,10,0,0
ROUND 18,21.01.2024,B. Monchengladbach,Augsburg,1,2,2.33,1.61,51,49,18,15,14,8,21,11,5,7,2,1,21,24,5,3,10,20,0,0,1,2,502,410,89,125,51,55,0,0
ROUND 18,21.01.2024,Bayern Munich,Werder Bremen,0,1,1.48,0.50,65,35,21,8,15,5,9,15,10,2,2,1,20,13,2,6,12,7,0,0,2,1,688,308,161,76,95,30,0,0
ROUND 18,20.01.2024,RB Leipzig,Bayer Leverkusen,2,3,1.12,2.81,44,56,11,18,5,13,12,10,1,9,1,1,18,9,2,4,11,11,0,0,2,3,420,641,88,125,33,69,0,0
ROUND 18,20.01.2024,Bochum,Stuttgart,1,0,0.81,2.04,43,57,6,17,5,13,18,21,1,7,4,1,21,24,4,0,16,16,0,0,5,3,239,448,96,107,32,54,0,0
ROUND 18,20.01.2024,Darmstadt,Eintracht Frankfurt,2,2,1.25,1.26,48,52,13,7,10,3,9,14,4,1,3,1,15,14,2,1,11,7,0,0,1,1,517,539,133,77,57,21,0,0
ROUND 18,20.01.2024,FC Koln,Dortmund,0,4,1.22,3.08,44,56,16,11,11,4,7,15,13,4,1,2,20,13,3,5,16,7,0,0,2,2,376,624,111,93,54,32,0,0
ROUND 18,20.01.2024,Freiburg,Hoffenheim,3,2,2.20,1.77,44,56,16,16,8,12,11,18,2,2,1,1,24,11,2,5,18,10,1,0,3,3,414,511,131,105,41,59,0,0
ROUND 18,20.01.2024,Heidenheim,Wolfsburg,1,1,0.88,1.19,52,48,12,12,9,9,10,11,4,2,2,1,30,19,2,2,11,10,0,0,0,1,492,452,116,109,70,39,0,0
ROUND 17,14.01.2024,B. Monchengladbach,Stuttgart,3,1,2.11,0.81,33,67,8,14,4,12,12,10,0,3,4,0,8,16,1,1,7,11,0,0,3,3,333,864,52,194,16,77,0,0
ROUND 17,14.01.2024,Bochum,Werder Bremen,1,1,0.75,0.96,51,49,13,15,9,11,17,18,3,4,4,3,27,20,3,3,14,14,0,0,6,5,348,362,120,92,50,40,0,0
ROUND 17,13.01.2024,Darmstadt,Dortmund,0,3,0.51,2.83,45,55,10,17,8,9,14,12,3,4,2,1,20,21,5,2,10,13,0,0,1,3,449,504,95,84,34,29,0,0
ROUND 17,13.01.2024,Augsburg,Bayer Leverkusen,0,1,0.13,2.61,34,66,2,25,2,19,8,16,0,12,4,3,10,23,5,0,11,4,0,0,3,1,241,787,71,144,24,110,0,0
ROUND 17,13.01.2024,FC Koln,Heidenheim,1,1,0.97,1.18,52,48,13,10,7,8,11,13,9,6,1,0,19,17,1,5,12,11,0,0,2,1,434,396,98,93,63,32,0,0
ROUND 17,13.01.2024,Freiburg,Union Berlin,0,0,1.61,0.36,57,43,14,8,10,4,10,11,4,3,4,1,17,13,4,4,7,9,0,0,0,2,612,468,145,84,54,31,0,0
ROUND 17,13.01.2024,Mainz,Wolfsburg,1,1,0.56,0.54,54,46,12,9,8,5,17,22,7,3,1,3,30,12,3,3,21,16,0,0,3,4,454,433,138,89,40,26,0,0
ROUND 17,13.01.2024,RB Leipzig,Eintracht Frankfurt,0,1,3.07,0.81,61,39,26,5,19,4,19,13,15,4,5,3,25,22,0,7,7,16,0,0,0,2,617,373,159,54,104,22,0,0
ROUND 17,12.01.2024,Bayern Munich,Hoffenheim,3,0,2.31,1.45,60,40,27,12,15,8,5,11,11,2,2,0,19,18,4,9,8,6,0,1,1,3,654,391,151,60,108,30,0,0
ROUND 16,20.12.2023,Bayer Leverkusen,Bochum,4,0,3.82,0.41,63,37,15,6,7,5,6,8,4,3,5,2,11,14,1,4,7,12,0,0,0,2,715,326,122,91,50,28,0,0
ROUND 16,20.12.2023,Eintracht Frankfurt,B. Monchengladbach,2,1,1.64,0.31,61,39,15,7,8,5,16,12,8,2,1,2,28,12,1,5,11,14,0,1,1,6,632,377,145,91,59,25,0,0
ROUND 16,20.12.2023,Heidenheim,Freiburg,3,2,1.83,1.79,54,46,14,10,11,6,11,20,7,4,2,0,18,13,2,1,20,12,0,0,3,4,440,387,86,115,44,39,0,0
ROUND 16,20.12.2023,Stuttgart,Augsburg,3,0,2.97,0.50,63,37,17,6,10,1,14,11,4,4,3,2,25,15,5,4,8,14,0,0,0,4,614,296,119,91,36,25,0,0
ROUND 16,20.12.2023,Wolfsburg,Bayern Munich,1,2,0.34,2.49,41,59,5,21,1,13,10,15,0,6,1,0,24,20,6,3,14,12,0,0,4,2,438,664,102,101,45,63,0,0
ROUND 16,20.12.2023,Union Berlin,FC Koln,2,0,1.48,0.92,41,59,12,15,4,8,9,14,4,5,2,1,22,23,7,6,10,7,0,0,0,0,354,547,91,145,45,54,0,0
ROUND 16,19.12.2023,Dortmund,Mainz,1,1,1.35,1.12,64,36,21,11,13,5,19,12,6,1,1,5,20,20,5,7,11,14,0,0,0,4,608,307,123,94,55,45,0,0
ROUND 16,19.12.2023,Hoffenheim,Darmstadt,3,3,3.93,0.82,45,55,13,14,9,11,15,9,8,3,0,1,21,23,0,1,9,15,0,0,2,4,379,497,94,104,42,41,0,0
ROUND 16,19.12.2023,Werder Bremen,RB Leipzig,1,1,0.85,2.69,47,53,11,18,8,9,10,18,1,4,3,2,20,19,8,2,15,9,0,0,4,2,417,531,92,111,49,45,0,0
ROUND 15,17.12.2023,Bayern Munich,Stuttgart,3,0,2.88,0.18,42,58,17,5,9,3,8,12,6,2,4,0,24,23,2,5,7,8,0,0,0,3,404,711,99,126,52,47,0,0
ROUND 15,17.12.2023,Bayer Leverkusen,Eintracht Frankfurt,3,0,2.84,0.22,58,42,14,4,8,2,15,10,5,5,5,1,23,13,2,3,4,13,0,0,1,1,736,466,124,91,54,27,0,0
ROUND 15,17.12.2023,Freiburg,FC Koln,2,0,4.59,1.04,50,50,23,7,16,6,14,13,5,2,0,3,26,15,1,5,13,10,0,1,1,4,506,485,151,84,63,21,0,0
ROUND 15,16.12.2023,RB Leipzig,Hoffenheim,3,1,3.57,1.02,56,44,23,10,12,6,8,12,9,2,2,0,13,14,3,8,11,9,0,0,3,2,505,393,117,75,61,39,0,0
ROUND 15,16.12.2023,Augsburg,Dortmund,1,1,2.42,3.11,43,57,20,24,16,18,3,14,4,7,1,1,16,16,5,3,13,4,0,0,2,1,318,583,96,124,55,56,0,0
ROUND 15,16.12.2023,Bochum,Union Berlin,3,0,3.49,1.04,49,51,21,10,14,8,14,16,6,4,2,2,17,19,2,4,12,13,0,0,2,2,383,406,100,88,46,39,0,0
ROUND 15,16.12.2023,Darmstadt,Wolfsburg,0,1,0.71,0.78,62,38,14,11,10,8,10,15,7,7,0,0,15,24,2,4,16,10,0,1,2,0,575,307,133,75,51,32,0,0
ROUND 15,16.12.2023,Mainz,Heidenheim,0,1,1.43,0.41,63,37,16,5,12,3,21,9,8,1,1,1,38,21,1,4,9,20,0,0,3,3,474,210,155,108,66,22,0,0
ROUND 15,15.12.2023,B. Monchengladbach,Werder Bremen,2,2,1.26,2.05,50,50,15,10,11,5,10,13,4,3,4,1,13,16,3,2,10,12,0,0,4,2,545,527,93,115,44,39,0,0
ROUND 14,10.12.2023,FC Koln,Mainz,0,0,0.51,2.14,55,45,7,13,4,8,10,10,1,7,0,1,27,22,5,3,10,10,0,0,2,4,495,432,100,99,20,36,0,0
ROUND 14,10.12.2023,Stuttgart,Bayer Leverkusen,1,1,3.10,3.22,55,45,22,20,10,14,10,8,8,8,0,3,16,20,5,11,8,7,0,0,1,1,583,517,122,126,36,59,0,0
ROUND 14,09.12.2023,Dortmund,RB Leipzig,2,3,2.05,2.70,56,44,18,24,12,16,14,7,6,6,1,4,16,15,5,4,6,11,1,0,1,3,547,465,129,97,46,67,0,0
ROUND 14,09.12.2023,Eintracht Frankfurt,Bayern Munich,5,1,1.61,1.97,38,62,14,17,8,11,8,9,1,9,0,2,14,9,5,1,8,7,0,0,1,2,377,678,59,151,31,65,0,0
ROUND 14,09.12.2023,Heidenheim,Darmstadt,3,2,1.88,1.25,48,52,16,20,9,13,13,18,8,3,1,1,25,24,5,4,17,13,0,0,2,2,325,418,83,101,60,38,0,0
ROUND 14,09.12.2023,Union Berlin,B. Monchengladbach,3,1,2.83,1.17,44,56,16,13,10,9,8,11,6,7,3,1,14,22,3,3,9,8,0,0,1,3,349,589,90,123,52,51,0,0
ROUND 14,09.12.2023,Werder Bremen,Augsburg,2,0,1.17,0.65,50,50,12,11,7,10,11,16,5,2,2,2,11,27,1,3,13,9,0,0,1,2,428,416,105,117,33,53,0,0
ROUND 14,09.12.2023,Wolfsburg,Freiburg,0,1,1.62,1.26,55,45,10,4,7,3,17,14,5,3,3,2,23,19,0,3,11,16,0,0,1,4,566,388,105,81,34,31,0,0
ROUND 14,08.12.2023,Hoffenheim,Bochum,3,1,1.99,1.57,43,57,18,22,11,17,13,16,4,5,0,1,17,23,4,4,18,11,0,0,3,2,359,503,95,107,31,46,0,0
ROUND 13,03.12.2023,Augsburg,Eintracht Frankfurt,2,1,1.75,1.09,35,65,9,12,5,6,12,15,2,4,7,2,26,21,5,2,9,10,0,0,1,1,323,621,54,75,28,24,0,0
ROUND 13,03.12.2023,Bayer Leverkusen,Dortmund,1,1,2.33,0.94,61,39,22,6,16,4,12,17,16,1,4,0,22,12,1,5,12,12,0,0,3,2,667,319,155,57,126,17,0,0
ROUND 13,03.12.2023,Mainz,Freiburg,0,1,2.69,1.41,57,43,19,13,13,8,10,15,14,3,1,0,26,22,4,6,16,11,0,0,1,1,519,331,143,93,59,24,0,0
ROUND 13,02.12.2023,Stuttgart,Werder Bremen,2,0,3.91,0.68,59,41,17,11,11,8,11,11,6,7,4,1,17,5,3,4,7,9,0,0,1,0,601,412,141,80,45,34,0,0
ROUND 13,02.12.2023,B. Monchengladbach,Hoffenheim,2,1,1.82,1.26,49,51,9,17,6,12,10,13,6,3,1,2,19,13,4,1,12,14,0,0,2,2,472,495,75,122,30,52,0,0
ROUND 13,02.12.2023,Bochum,Wolfsburg,3,1,2.13,1.26,47,53,19,15,10,9,12,14,6,6,2,0,31,32,5,6,14,13,0,0,6,2,358,441,107,114,39,45,0,0
ROUND 13,02.12.2023,RB Leipzig,Heidenheim,2,1,4.14,1.29,67,33,23,7,15,6,15,16,5,3,3,0,18,22,0,6,13,16,0,0,2,2,692,264,138,90,71,33,0,0
ROUND 13,01.12.2023,Darmstadt,FC Koln,0,1,0.79,1.77,45,55,11,11,10,5,17,16,1,6,3,3,21,27,5,1,12,12,0,0,1,3,377,447,99,90,38,41,0,0
ROUND 12,26.11.2023,Hoffenheim,Mainz,1,1,1.49,1.96,56,44,15,15,9,9,15,8,4,5,0,1,20,18,5,5,9,14,0,0,4,4,505,428,154,108,45,54,0,0
ROUND 12,26.11.2023,Heidenheim,Bochum,0,0,1.01,0.39,52,48,9,9,6,7,11,18,6,5,4,3,29,22,2,3,14,7,0,0,4,3,409,432,97,112,49,45,0,0
ROUND 12,25.11.2023,Eintracht Frankfurt,Stuttgart,1,2,0.79,2.03,56,44,14,11,13,6,10,13,4,2,0,4,30,20,3,0,14,8,0,0,0,1,597,433,128,93,50,42,0,0
ROUND 12,25.11.2023,Dortmund,B. Monchengladbach,4,2,3.09,1.05,54,46,20,10,7,7,12,14,5,4,1,1,14,26,1,9,11,11,0,0,1,2,549,512,117,100,35,48,0,0
ROUND 12,25.11.2023,Freiburg,Darmstadt,1,1,1.86,0.48,63,37,16,7,13,6,17,17,11,2,2,1,19,15,0,2,15,15,0,0,2,0,594,303,131,74,62,24,0,0
ROUND 12,25.11.2023,Union Berlin,Augsburg,1,1,2.32,1.48,56,44,16,11,10,9,17,13,3,4,3,2,22,19,1,5,10,15,0,0,2,2,546,327,114,103,41,38,0,0
ROUND 12,25.11.2023,Werder Bremen,Bayer Leverkusen,0,3,0.31,1.11,45,55,2,13,1,9,6,19,1,6,5,2,14,17,2,1,15,4,0,0,3,1,480,690,92,113,39,52,0,0
ROUND 12,25.11.2023,Wolfsburg,RB Leipzig,2,1,0.86,3.72,42,58,10,26,6,16,15,17,1,12,0,4,13,19,9,2,18,11,0,0,4,2,329,591,90,117,30,85,0,0
ROUND 12,24.11.2023,FC Koln,Bayern Munich,0,1,0.47,3.13,36,64,6,19,4,14,4,6,3,12,1,1,22,22,4,2,6,4,0,0,0,1,344,753,78,136,39,55,0,0
ROUND 11,12.11.2023,RB Leipzig,Freiburg,3,1,1.79,0.58,60,40,15,9,9,6,15,10,7,3,0,4,10,25,2,3,10,12,0,0,2,0,630,347,117,104,37,39,0,0
ROUND 11,12.11.2023,Werder Bremen,Eintracht Frankfurt,2,2,1.85,2.47,50,50,14,14,9,11,11,4,3,7,1,2,16,14,1,3,3,10,0,0,1,3,514,539,101,121,33,62,0,0
ROUND 11,12.11.2023,Bayer Leverkusen,Union Berlin,4,0,2.51,0.07,66,34,19,2,9,0,4,11,10,1,3,0,13,10,2,6,8,5,0,0,0,1,813,377,170,72,46,27,0,0
ROUND 11,11.11.2023,Bochum,FC Koln,1,1,3.64,0.87,52,48,25,10,16,4,19,17,3,3,1,1,32,30,5,8,14,19,0,0,4,1,369,360,141,82,68,36,0,0
ROUND 11,11.11.2023,Augsburg,Hoffenheim,1,1,1.41,1.29,40,60,11,12,5,6,14,13,3,5,3,2,20,19,5,5,9,11,0,0,1,2,267,564,104,94,55,43,0,0
ROUND 11,11.11.2023,Bayern Munich,Heidenheim,4,2,2.28,1.35,68,32,18,7,10,5,7,8,7,2,0,1,19,17,0,4,8,8,0,0,1,0,787,295,165,100,56,24,0,0
ROUND 11,11.11.2023,Darmstadt,Mainz,0,0,0.63,0.74,57,43,9,9,6,9,16,21,0,5,0,1,21,29,0,3,20,15,0,0,3,3,516,374,93,101,20,59,0,0
ROUND 11,11.11.2023,Stuttgart,Dortmund,2,1,4.39,1.12,57,43,22,5,12,4,14,15,6,1,2,1,15,16,0,8,13,16,0,0,2,3,613,442,138,89,66,16,0,0
ROUND 11,10.11.2023,B. Monchengladbach,Wolfsburg,4,0,1.98,0.61,48,52,16,12,8,8,13,8,8,5,2,1,21,14,4,4,7,12,0,0,1,3,496,553,57,139,28,48,0,0
ROUND 10,05.11.2023,Heidenheim,Stuttgart,2,0,2.01,2.92,36,64,20,15,17,13,14,8,9,6,2,2,25,19,2,1,7,13,0,0,2,2,252,619,83,119,41,50,0,0
ROUND 10,05.11.2023,Wolfsburg,Werder Bremen,2,2,2.03,1.71,53,47,15,13,10,9,13,6,5,2,1,6,14,13,2,3,14,17,1,0,4,1,554,419,113,77,54,28,0,0
ROUND 10,04.11.2023,Dortmund,Bayern Munich,0,4,1.08,3.73,50,50,15,14,14,6,12,14,3,2,0,6,13,14,4,1,14,6,0,0,3,2,495,521,127,92,52,27,0,0
ROUND 10,04.11.2023,FC Koln,Augsburg,1,1,2.62,2.08,56,44,28,18,16,15,10,10,10,2,0,1,25,18,2,11,10,10,0,0,1,4,466,334,121,91,72,37,0,0
ROUND 10,04.11.2023,Freiburg,B. Monchengladbach,3,3,4.38,1.69,57,43,15,10,7,5,12,6,8,2,1,3,24,19,2,5,7,10,0,0,2,2,603,425,173,65,65,28,0,0
ROUND 10,04.11.2023,Hoffenheim,Bayer Leverkusen,2,3,1.82,1.46,48,52,12,10,5,6,12,6,4,3,0,2,8,8,1,5,6,10,0,0,3,2,507,564,88,117,47,50,0,0
ROUND 10,04.11.2023,Mainz,RB Leipzig,2,0,1.53,0.44,36,64,10,10,7,8,9,18,2,7,5,0,21,31,2,1,13,9,0,0,3,1,283,638,89,131,23,55,0,0
ROUND 10,04.11.2023,Union Berlin,Eintracht Frankfurt,0,3,0.51,1.49,48,52,10,4,7,1,11,13,9,1,3,3,24,14,0,3,13,8,0,0,0,1,489,532,126,82,85,36,0,0
ROUND 10,03.11.2023,Darmstadt,Bochum,1,2,0.94,0.86,57,43,15,9,11,5,18,9,11,2,2,2,29,32,2,3,7,16,1,0,2,5,414,286,97,107,53,28,0,0
ROUND 9,29.10.2023,Bayer Leverkusen,Freiburg,2,1,2.49,0.94,67,33,19,10,15,6,10,10,11,4,1,0,14,15,3,2,9,10,0,0,0,2,711,286,143,77,78,36,0,0
ROUND 9,29.10.2023,Eintracht Frankfurt,Dortmund,3,3,2.92,1.87,42,58,11,14,4,10,12,13,0,4,4,4,21,18,1,4,11,10,0,0,3,2,395,579,79,136,41,57,0,0
ROUND 9,28.10.2023,RB Leipzig,FC Koln,6,0,3.75,0.77,60,40,24,6,11,5,14,9,11,1,1,2,31,12,1,7,8,13,0,1,2,4,562,338,110,63,52,17,0,0
ROUND 9,28.10.2023,Augsburg,Wolfsburg,3,2,1.48,1.19,45,55,9,13,4,7,0,0,5,5,6,2,0,0,4,2,19,14,1,0,6,4,339,504,83,96,40,46,0,0
ROUND 9,28.10.2023,B. Monchengladbach,Heidenheim,2,1,0.78,0.47,54,46,11,8,5,5,0,0,6,4,1,0,0,0,2,4,5,18,0,0,0,3,585,496,104,108,37,53,0,0
ROUND 9,28.10.2023,Bayern Munich,Darmstadt,8,0,5.81,0.69,55,45,28,10,12,6,0,0,7,1,2,1,0,0,4,8,15,13,1,2,1,2,499,431,122,68,61,33,0,0
ROUND 9,28.10.2023,Stuttgart,Hoffenheim,2,3,3.61,1.75,68,32,23,7,13,2,12,14,6,0,2,1,21,14,2,8,13,11,0,0,2,1,718,261,171,93,69,21,0,0
ROUND 9,28.10.2023,Werder Bremen,Union Berlin,2,0,0.64,0.42,57,43,9,7,6,5,19,17,3,3,3,5,20,26,2,1,12,14,0,1,1,4,563,431,106,119,36,51,0,0
ROUND 9,27.10.2023,Bochum,Mainz,2,2,1.65,0.38,52,48,10,10,6,6,21,14,5,4,2,2,27,27,2,2,14,21,0,0,3,3,354,342,128,103,39,16,0,0
ROUND 8,22.10.2023,Heidenheim,Augsburg,2,5,3.13,3.29,55,45,16,9,11,3,13,11,6,5,1,1,24,28,1,3,11,11,0,0,3,2,556,365,138,90,50,33,0,0
ROUND 8,22.10.2023,FC Koln,B. Monchengladbach,3,1,1.74,0.11,60,40,21,5,13,3,11,14,8,3,1,0,23,24,1,5,13,10,0,1,0,2,523,357,128,80,65,21,0,0
ROUND 8,21.10.2023,Mainz,Bayern Munich,1,3,1.09,1.36,41,59,14,12,11,7,12,13,2,7,1,1,11,18,2,2,12,10,0,0,3,2,353,598,95,117,46,60,0,0
ROUND 8,21.10.2023,Darmstadt,RB Leipzig,1,3,1.87,2.53,55,45,16,10,13,3,14,14,6,0,2,4,19,18,4,2,16,12,0,0,6,3,420,309,108,67,60,22,0,0
ROUND 8,21.10.2023,Freiburg,Bochum,2,1,2.49,1.66,54,46,15,13,10,8,16,15,5,2,4,2,13,20,4,3,11,16,0,0,3,4,509,377,118,84,48,43,0,0
ROUND 8,21.10.2023,Hoffenheim,Eintracht Frankfurt,1,3,1.25,2.71,54,46,14,13,9,8,5,12,6,3,5,1,16,13,2,4,7,7,0,0,3,0,567,469,91,46,46,23,0,0
ROUND 8,21.10.2023,Union Berlin,Stuttgart,0,3,1.19,1.63,43,57,10,10,8,5,12,17,4,2,4,0,23,23,2,2,12,12,0,0,2,1,415,579,118,109,54,38,0,0
ROUND 8,21.10.2023,Wolfsburg,Bayer Leverkusen,1,2,1.59,1.49,46,54,18,13,11,7,15,16,4,3,1,2,14,17,4,6,15,14,0,0,3,5,437,624,94,120,25,55,0,0
ROUND 8,20.10.2023,Dortmund,Werder Bremen,1,0,2.71,0.44,58,42,22,6,17,5,10,5,10,4,0,0,17,17,1,4,5,10,0,0,1,5,577,413,137,72,70,23,0,0
ROUND 7,08.10.2023,Eintracht Frankfurt,Heidenheim,2,0,1.90,0.86,51,49,12,7,6,5,12,17,3,6,3,3,15,28,2,4,14,10,0,0,2,3,494,485,116,128,51,36,0,0
ROUND 7,08.10.2023,Bayern Munich,Freiburg,3,0,2.50,0.08,68,32,21,2,16,2,9,10,7,1,3,3,8,14,0,2,7,8,0,0,1,0,776,314,155,69,72,14,0,0
ROUND 7,08.10.2023,Bayer Leverkusen,FC Koln,3,0,4.02,1.50,61,39,21,7,11,4,5,7,11,4,2,0,9,7,3,7,9,7,0,0,3,0,747,408,135,45,70,25,0,0
ROUND 7,07.10.2023,Werder Bremen,Hoffenheim,2,3,0.94,1.79,49,51,13,11,10,7,7,14,4,4,2,4,15,10,1,1,15,6,0,0,5,4,459,498,113,146,43,34,0,0
ROUND 7,07.10.2023,Augsburg,Darmstadt,1,2,0,0,49,51,17,17,14,12,13,18,4,4,6,1,23,12,3,2,13,12,0,0,4,2,371,419,105,72,50,25,0,0
ROUND 7,07.10.2023,Dortmund,Union Berlin,4,2,0,0,66,34,12,12,5,7,20,7,4,6,1,5,17,19,3,3,7,15,0,0,1,1,602,268,137,62,39,25,0,0
ROUND 7,07.10.2023,RB Leipzig,Bochum,0,0,0,0,66,34,18,9,13,7,14,14,9,1,1,3,21,18,2,5,10,13,0,0,2,4,663,195,152,60,75,16,0,0
ROUND 7,07.10.2023,Stuttgart,Wolfsburg,3,1,0,0,57,43,13,12,6,7,13,19,5,6,5,0,18,15,4,4,13,14,0,0,1,3,568,380,111,94,50,27,0,0
ROUND 7,06.10.2023,B. Monchengladbach,Mainz,2,2,2.24,1.06,58,42,20,13,11,6,10,10,10,3,1,1,25,20,5,7,9,9,0,0,3,1,566,384,153,86,45,21,0,0
ROUND 6,01.10.2023,Freiburg,Augsburg,2,0,1.09,1.58,54,46,7,13,4,9,19,13,2,3,0,2,24,25,4,1,13,17,0,0,2,2,462,401,100,121,25,45,0,0
ROUND 6,01.10.2023,Darmstadt,Werder Bremen,4,2,2.31,1.76,44,56,14,9,9,3,23,22,2,4,2,5,17,23,4,1,19,19,0,0,3,2,357,472,80,119,30,39,0,0
ROUND 6,30.09.2023,RB Leipzig,Bayern Munich,2,2,0.94,1.85,37,63,7,11,5,6,13,7,5,1,1,1,18,22,3,0,10,11,0,0,2,5,345,685,90,151,26,64,0,0
ROUND 6,30.09.2023,Bochum,B. Monchengladbach,1,3,1.95,2.62,57,43,23,25,18,16,14,14,5,10,2,3,22,15,6,4,12,12,0,0,2,3,415,286,142,78,74,44,0,0
ROUND 6,30.09.2023,FC Koln,Stuttgart,0,2,1.38,2.61,40,60,14,18,9,14,8,16,8,4,2,1,23,23,2,5,16,8,0,0,2,1,365,583,89,121,57,50,0,0
ROUND 6,30.09.2023,Heidenheim,Union Berlin,1,0,0.51,2.43,48,52,9,19,5,11,16,12,5,7,1,1,25,12,8,3,11,14,0,0,1,2,405,416,91,113,34,56,0,0
ROUND 6,30.09.2023,Mainz,Bayer Leverkusen,0,3,0.69,0.88,44,56,10,6,7,3,12,14,3,1,3,1,22,15,1,3,13,11,0,0,4,1,478,605,112,132,66,25,0,0
ROUND 6,30.09.2023,Wolfsburg,Eintracht Frankfurt,2,0,3.84,1.29,55,45,19,7,12,4,20,15,7,4,4,3,22,18,3,5,11,18,0,1,1,6,450,365,120,90,46,28,0,0
ROUND 6,29.09.2023,Hoffenheim,Dortmund,1,3,2.10,1.85,50,50,15,6,10,1,17,14,4,3,0,2,25,16,2,4,14,16,0,1,3,4,416,388,124,89,56,35,0,0
ROUND 5,24.09.2023,Eintracht Frankfurt,Freiburg,0,0,0.95,0.60,55,45,13,9,8,7,8,10,7,3,0,4,23,22,2,5,12,5,0,0,4,2,529,393,107,109,72,46,0,0
ROUND 5,24.09.2023,Bayer Leverkusen,Heidenheim,4,1,3.48,0.10,67,33,20,1,10,0,7,8,7,2,2,0,16,20,0,6,9,10,0,0,1,1,803,325,162,56,77,17,0,0
ROUND 5,23.09.2023,Werder Bremen,FC Koln,2,1,1.87,1.62,46,54,17,13,11,8,16,17,9,8,0,2,19,24,4,4,18,16,0,0,2,1,403,435,116,117,34,48,0,0
ROUND 5,23.09.2023,Augsburg,Mainz,2,1,1.19,0.72,45,55,6,13,3,10,18,18,3,4,1,2,13,24,2,1,16,14,1,0,2,3,330,461,108,121,36,51,0,0
ROUND 5,23.09.2023,B. Monchengladbach,RB Leipzig,0,1,0.83,0.92,47,53,13,8,12,4,9,16,11,6,2,2,18,18,3,1,14,7,0,0,1,1,420,541,101,120,40,35,0,0
ROUND 5,23.09.2023,Bayern Munich,Bochum,7,0,5.22,0.14,60,40,26,4,10,3,9,9,8,1,2,2,0,0,1,9,8,10,0,0,0,1,571,348,114,84,81,33,0,0
ROUND 5,23.09.2023,Dortmund,Wolfsburg,1,0,1.75,0.47,61,39,18,8,14,6,14,6,5,3,2,2,13,23,2,3,9,14,0,0,0,1,609,320,124,79,61,33,0,0
ROUND 5,23.09.2023,Union Berlin,Hoffenheim,0,2,1.89,2.19,55,45,22,11,16,7,15,11,11,6,0,1,36,18,2,6,11,13,0,0,1,3,460,355,123,87,66,34,0,0
ROUND 5,22.09.2023,Stuttgart,Darmstadt,3,1,2.54,0.15,54,46,18,3,7,3,12,8,5,4,1,2,18,10,0,8,7,12,0,0,1,6,643,467,149,89,41,32,0,0
ROUND 4,17.09.2023,Darmstadt,B. Monchengladbach,3,3,1.35,3.69,41,59,15,21,7,11,9,15,6,6,4,1,15,18,7,5,12,8,1,0,1,1,314,545,75,115,33,52,0,0
ROUND 4,17.09.2023,Heidenheim,Werder Bremen,4,2,2.17,2.74,48,52,19,11,15,7,11,25,10,1,1,2,10,7,2,0,21,9,0,0,1,1,285,474,85,108,39,43,0,0
ROUND 4,16.09.2023,Bochum,Eintracht Frankfurt,1,1,2.00,0.98,49,51,24,8,14,2,14,16,8,2,0,1,23,22,5,9,13,14,0,0,3,2,406,429,152,102,68,19,0,0
ROUND 4,16.09.2023,FC Koln,Hoffenheim,1,3,0.86,1.06,54,46,17,17,10,12,14,17,13,4,3,1,26,21,2,6,15,14,1,0,4,4,414,345,109,89,74,39,0,0
ROUND 4,16.09.2023,Freiburg,Dortmund,2,4,0.98,1.86,46,54,14,14,10,8,18,14,6,8,3,2,17,11,2,2,12,16,1,0,2,3,431,444,91,77,34,37,0,0
ROUND 4,16.09.2023,Mainz,Stuttgart,1,3,1.35,2.16,43,57,15,16,12,10,10,12,6,4,1,1,26,26,3,2,12,9,0,0,1,2,358,554,76,147,48,47,0,0
ROUND 4,16.09.2023,RB Leipzig,Augsburg,3,0,0.81,2.71,54,46,9,16,3,12,13,18,1,6,2,1,14,18,4,3,16,12,0,0,0,0,483,376,96,84,25,42,0,0
ROUND 4,16.09.2023,Wolfsburg,Union Berlin,2,1,0.53,2.11,44,56,8,17,5,12,6,9,3,7,3,1,19,15,4,1,6,8,0,0,1,0,395,538,91,136,40,60,0,0
ROUND 4,15.09.2023,Bayern Munich,Bayer Leverkusen,2,2,2.62,1.83,53,47,15,13,6,8,9,7,7,4,2,3,12,18,3,7,6,6,0,0,0,3,596,565,152,110,59,51,0,0
ROUND 3,03.09.2023,Union Berlin,RB Leipzig,0,3,0.31,0.88,36,64,4,14,3,7,11,16,3,7,1,2,24,20,4,1,16,9,1,0,3,1,310,622,91,148,37,37,0,0
ROUND 3,03.09.2023,Eintracht Frankfurt,FC Koln,1,1,1.29,0.92,60,40,13,6,10,4,10,12,8,1,2,0,27,17,1,2,10,10,0,0,1,3,708,363,127,81,52,30,0,0
ROUND 3,02.09.2023,B. Monchengladbach,Bayern Munich,1,2,0.45,2.21,38,62,8,25,5,16,21,5,1,15,0,1,9,21,7,2,5,20,0,0,0,2,331,615,54,168,23,99,0,0
ROUND 3,02.09.2023,Augsburg,Bochum,2,2,2.63,1.49,42,58,11,22,8,13,16,16,3,5,1,3,24,22,7,1,15,13,0,0,2,2,251,432,78,123,26,38,0,0
ROUND 3,02.09.2023,Bayer Leverkusen,Darmstadt,5,1,3.48,0.95,67,33,24,5,11,4,12,9,4,2,1,1,16,12,0,8,8,11,0,0,3,2,760,274,163,47,81,16,0,0
ROUND 3,02.09.2023,Hoffenheim,Wolfsburg,3,1,1.97,1.72,43,57,11,14,6,7,17,13,3,3,4,0,13,18,6,2,12,15,0,0,2,2,345,509,82,116,40,43,0,0
ROUND 3,02.09.2023,Stuttgart,Freiburg,5,0,2.56,1.14,50,50,13,11,7,6,8,6,2,4,1,1,14,14,5,1,9,10,0,0,1,1,502,540,95,104,44,32,0,0
ROUND 3,02.09.2023,Werder Bremen,Mainz,4,0,3.19,0.97,48,52,12,12,6,9,16,15,1,7,1,4,19,31,3,2,18,14,0,0,2,2,342,414,109,145,35,55,0,0
ROUND 3,01.09.2023,Dortmund,Heidenheim,2,2,2.92,2.72,63,37,20,15,11,9,25,10,3,6,2,3,17,22,4,7,9,22,0,0,3,3,516,285,123,76,67,37,0,0
ROUND 2,27.08.2023,Bayern Munich,Augsburg,3,1,2.83,0.92,58,42,19,11,13,9,5,9,10,4,1,2,15,12,1,3,13,8,0,0,1,2,610,391,116,65,63,30,0,0
ROUND 2,27.08.2023,Mainz,Eintracht Frankfurt,1,1,1.36,1.61,43,57,13,8,6,6,12,25,5,4,2,0,11,26,1,6,23,12,0,1,3,4,305,475,115,106,47,27,0,0
ROUND 2,26.08.2023,B. Monchengladbach,Bayer Leverkusen,0,3,0.72,3.09,43,57,13,24,11,14,10,7,5,8,1,2,6,13,7,2,7,8,0,0,2,3,453,706,101,117,43,66,0,0
ROUND 2,26.08.2023,Bochum,Dortmund,1,1,0.99,1.51,41,59,17,13,11,10,7,28,5,4,6,0,24,28,2,5,21,7,0,0,2,1,232,477,125,110,39,55,0,0
ROUND 2,26.08.2023,Darmstadt,Union Berlin,1,4,2.49,1.89,67,33,18,12,12,6,11,16,3,5,0,0,23,19,2,5,15,12,0,1,2,2,624,195,147,70,56,33,0,0
ROUND 2,26.08.2023,FC Koln,Wolfsburg,1,2,0.99,1.72,52,48,14,9,12,3,10,12,6,1,6,0,35,28,4,1,6,10,0,0,1,5,435,431,111,121,68,27,0,0
ROUND 2,26.08.2023,Freiburg,Werder Bremen,1,0,2.62,1.16,52,48,23,16,17,14,10,12,5,5,3,2,21,16,2,5,9,8,0,0,2,2,415,413,110,109,32,45,0,0
ROUND 2,26.08.2023,Heidenheim,Hoffenheim,2,3,2.49,3.31,39,61,19,16,10,10,8,10,10,6,0,1,29,22,3,7,13,9,0,0,1,5,278,492,72,113,59,61,0,0
ROUND 2,25.08.2023,RB Leipzig,Stuttgart,5,1,2.69,1.02,54,46,20,8,9,5,15,17,4,4,4,1,20,10,2,6,12,10,0,0,1,1,506,424,117,66,41,19,0,0
ROUND 1,20.08.2023,Eintracht Frankfurt,Darmstadt,1,0,1.69,1.04,59,41,10,11,6,9,16,9,7,3,0,2,24,13,2,3,9,14,0,0,2,3,569,356,122,87,49,38,0,0
ROUND 1,20.08.2023,Union Berlin,Mainz,4,1,1.88,2.48,49,51,12,9,5,6,16,11,3,1,1,0,25,18,2,3,15,16,0,0,1,5,349,426,87,125,25,46,0,0
ROUND 1,19.08.2023,Dortmund,FC Koln,1,0,1.28,1.01,65,35,12,11,10,7,11,12,6,3,1,2,19,23,4,1,13,11,0,0,1,0,720,349,153,78,60,42,0,0
ROUND 1,19.08.2023,Augsburg,B. Monchengladbach,4,4,2.39,1.95,53,47,20,9,12,3,11,9,8,7,4,1,10,6,2,4,9,14,0,0,1,2,454,340,110,85,43,30,0,0
ROUND 1,19.08.2023,Bayer Leverkusen,RB Leipzig,3,2,1.39,1.57,46,54,11,13,4,7,4,10,4,5,2,0,7,18,4,4,13,10,0,0,1,2,424,538,100,89,44,24,0,0
ROUND 1,19.08.2023,Hoffenheim,Freiburg,1,2,2.08,2.49,51,49,24,17,19,9,4,4,4,2,3,0,11,8,6,4,9,9,0,0,0,1,438,428,124,98,65,58,0,0
ROUND 1,19.08.2023,Stuttgart,Bochum,5,0,3.33,0.63,55,45,19,4,10,3,15,7,7,0,2,2,12,12,1,4,5,12,0,0,1,1,540,366,122,82,52,16,0,0
ROUND 1,19.08.2023,Wolfsburg,Heidenheim,2,0,3.24,1.29,51,49,18,13,10,12,3,9,1,7,2,0,11,15,1,6,10,9,0,0,3,0,455,476,121,137,33,53,0,0
ROUND 1,18.08.2023,Werder Bremen,Bayern Munich,0,4,0.57,2.62,32,68,6,25,5,15,11,20,0,6,3,0,9,21,6,1,16,11,0,0,2,1,226,652,68,139,22,71,0,0